movie_id,rank,title,등급,시간,관객,장르,국가,감독,출연,개봉일_최초,재개봉일
62585,1,오디세이,15세이상관람가,172분,"2,130,502명","액션, 모험, 드라마",미국,크리스토퍼 놀란,"맷 데이먼, 톰 홀랜드, 앤 해서웨이",2026-08-05,
63091,2,스파이더맨: 브랜드 뉴 데이,12세이상관람가,144분,"6,085,168명","판타지, 어드벤처, 액션",미국,데스틴 크리튼,"톰 홀랜드, 젠데이아 콜먼, 세이디 싱크",2026-07-29,
63075,3,사랑의 하츄핑: 고래보석의 전설,전체 관람가,105분,"452,974명",애니메이션,한국,김수훈,"이지현, 조경이",2026-08-05,
62480,4,호프,15세이상관람가,156분,"4,408,041명","액션, 스릴러, SF",한국,나홍진,"황정민, 조인성, 정호연",2026-07-15,
63032,5,미니언즈 & 몬스터즈,전체 관람가,89분,"765,597명",애니메이션,미국,피에르 코팽,"트레이 파커, 앨리슨 제니",2026-07-15,
63282,6,어떻게 해야 했을까?,12세이상관람가,101분,"52,030명",다큐멘터리,일본,후지노 토모아키,,2026-07-29,
63108,7,다윗,전체 관람가,109분,"290,330명",애니메이션,미국,"필 커닝햄, 브렌트 도스","박보검, 장광, 차지연",2026-07-10,
62799,8,토이 스토리 5,전체 관람가,101분,"2,940,102명",애니메이션,미국,"앤드류 스탠튼, 맥케나 해리스","톰 행크스, 팀 알렌, 조안 쿠삭",2026-06-17,
63240,10,오케이 마담2,15세이상관람가,108분,"11,827명",코미디,한국,이철하,"엄정화, 박성웅, 이상윤",2026-08-12,
62818,11,모아나,전체 관람가,115분,"1,021,313명","어드벤처, 액션",미국,토마스 케일,"드웨인 존슨, 캐서린 라가이아, 프랭키 애덤스",2026-07-08,
63117,12,퍼피 구조대: 더 다이노 무비,전체 관람가,88분,"3,001명",애니메이션,미국,캘런 브런커,"문남숙, 정선혜, 박지윤",2026-08-13,
63001,14,마티 슈프림,15세이상관람가,149분,"131,849명","스포츠, 드라마",미국,조쉬 사프디,"티모시 샬라메, 기네스 팰트로, 오데사 아지온",2026-07-01,
2417,15,경멸,15세이상관람가,105분,"9,576명",드라마,"프랑스,이탈리아",장 뤽 고다르,"미셸 피콜리, 브리지트 바르도, 잭 팰런스",,
63186,16,눈동자,15세이상관람가,105분,"1,541,466명",스릴러,한국,염지호,"신민아, 김남희, 이승룡",2026-06-24,
62309,17,시크릿 에이전트,15세이상관람가,160분,"19,534명","범죄, 드라마",브라질,클레베르 멘돈사 필류,바그너 모라,2026-07-08,
926,18,애정만세,15세이상관람가,117분,"19,975명",드라마,대만,차이밍량,"양귀매, 이강생, 진소영",1995-06-17,2026-08-12
63225,20,파리의 사생활,15세이상관람가,102분,"8,858명",드라마,영국,레베카 즐로토프스키,"조디 포스터, 비르지니 에피라, 마티유 아말릭",2026-07-15,
62907,21,지느러미,15세이상관람가,83분,"8,006명",드라마,한국,박세영,"연예지, 김푸름, 고우",2026-07-22,
63296,22,청년 조용기,전체 관람가,99분,862명,다큐멘터리,한국,권혁만,"유열, 양동근",2026-09-11,
2573,23,큐어,15세이상관람가,111분,"35,513명","스릴러, 범죄",일본,구로사와 기요시,"야쿠쇼 코지, 하기와라 마사토, 우지키 츠요시",2022-07-06,
62893,24,왕과 사는 남자,12세이상관람가,116분,"16,325,796명","시대극, 드라마",한국,장항준,"유해진, 박지훈, 유지태",2026-02-04,
62833,25,산양들,12세이상관람가,107분,"5,694명",드라마,한국,유재욱,"박혜진, 이승연, 박효은",2026-07-29,
63248,26,드림 애니멀즈: 더무비,전체 관람가,90분,"44,157명",애니메이션,일본,타케키요 히토시,,2026-07-24,
62280,27,빈집의 연인들,15세이상관람가,93분,539명,"코미디, 멜로·로맨스, 드라마",한국,김태휘,"정애화, 기주봉",2026-08-12,
13600,28,뱀의 길,,85분,"4,259명","액션, 범죄, 미스터리",일본,구로사와 기요시,"아이카와 쇼, 카가와 테루유키",2026-07-22,
895,29,피아노,청소년 관람불가,121분,"482,946명","멜로·로맨스, 드라마","호주,뉴질랜드,프랑스",제인 캠피온,"홀리 헌터, 하비 케이틀, 안나 파킨",2014-12-04,2026-07-01
63331,30,불멸의 존재들. 이집트 박물관의 경이들,전체 관람가,86분,"1,297명",다큐멘터리,이탈리아,,제레미 아이언스,2026-07-29,
62839,31,하나 코리아,,105분,"16,568명",드라마,"한국,덴마크",프레드릭 쇨베르,"김민하, 김주령, 안서현",2026-07-08,
62390,32,길 위의 뭉치,전체 관람가,93분,383명,애니메이션,한국,"오성윤, 이춘백","도경수, 박소담, 박철민",2026-08-19,
63071,33,오피셜히게단디즘 라이브 앳 스타디움 2025,전체 관람가,121분,"14,004명",다큐멘터리,일본,,"후지하라 사토시, 오자사 다이스케, 나라자키 마코토",2026-04-02,
63019,34,프로젝트 헤일메리,12세이상관람가,156분,"2,874,985명",SF,미국,"필 로드, 크리스토퍼 밀러","라이언 고슬링, 산드라 휠러",2026-03-18,
59434,36,극장판 엄마 까투리: 도시로 간 까투리 가족,전체 관람가,76분,"175,010명",애니메이션,한국,정길훈,"김서영, 이윤희, 김은아",2022-09-08,
63314,37,고스트밴드,전체 관람가,82분,431명,애니메이션,한국,금동호,"김연우, 엄상현, 이용신",2026-08-26,
3474,38,백치들,청소년 관람불가,117분,"4,855명","드라마, 코미디","덴마크,프랑스,이탈리아,네덜란드,스웨덴",라스 폰 트리에,"보딜 요르겐센, 젠스 알비누스, 안네 루이즈 하싱",2000-05-20,
63113,39,남태령,12세이상관람가,114분,"9,001명",다큐멘터리,한국,김현지,,2026-05,
27060,40,안티 크라이스트,청소년 관람불가,104분,"5,368명","스릴러, 드라마","프랑스,폴란드,이탈리아,스웨덴,독일,덴마크",라스 폰 트리에,"윌렘 대포, 샤를로뜨 갱스부르",2011-04-14,
6344,41,회로,15세이상관람가,118분,"8,602명","스릴러, 공포",일본,구로사와 기요시,"가토 하루히코, 아소 쿠미코, 야쿠쇼 코지",2005-07-24,2026-07-08
6653,42,포제션,청소년 관람불가,124분,"4,751명",드라마,"독일,프랑스",안드레이 줄랍스키,"이자벨 아자니, 샘 닐, 마르기트 카르스텐센",2025-10-08,
63194,43,극장판 도라에몽: 신 진구의 해저비밀성,,101분,"74,910명",애니메이션,,야지마 테츠오,"윤아영, 김정아, 조현정",2026-07-01,
54608,44,날씨의 아이,15세이상관람가,112분,"852,496명","판타지, 애니메이션, 멜로·로맨스",일본,신카이 마코토,"심규혁, 김유림, 최한",2019-10-30,2024-10-30
5204,45,어둠속의 댄서,12세이상관람가,140분,"167,525명","뮤지컬, 드라마","덴마크,독일,네덜란드,이탈리아,미국,영국,프랑스,스웨덴,핀란드,아이슬랜드,노르웨이",라스 폰 트리에,"비요크, 까뜨린느 드뇌브, 데이빗 모스",2001-02-24,2019-02-21
344,46,체리 향기,12세이상관람가,95분,"20,326명",드라마,"이란,프랑스",압바스 키아로스타미,"호먀윤 엘샤드, 압둘라흐만 바그헤리, 압신 코르시드 바크티아리",1998-01-01,
47766,47,싱 스트리트,15세이상관람가,106분,"603,107명","멜로·로맨스, 드라마","미국,아일랜드,영국",존 카니,"퍼디아 월시-필로, 루시 보인턴, 잭 레이너",2016-05-19,2026-06-10
30868,48,멜랑콜리아,15세이상관람가,136분,"32,285명","스릴러, 드라마, SF","덴마크,독일,스웨덴,이탈리아,프랑스",라스 폰 트리에,"커스틴 던스트, 샤를로뜨 갱스부르, 키퍼 서덜랜드",2012-05-17,2025-01-28
63297,49,워페어,15세이상관람가,95분,156명,"전쟁, 액션, 드라마",미국,"알렉스 가랜드, 레이 멘도사","조셉 퀸, 찰스 멜튼, 코스모 자비스",2026-08-19,
63114,51,신극장판 은혼: 요시와라 대염상,15세이상관람가,124분,"81,991명",애니메이션,일본,안도 나오야,"스키타 토모카즈, 사카구치 다이스케, 쿠기미야 리에",2026-05-20,
19051,52,훌라 걸스,12세이상관람가,121분,"59,059명",드라마,일본,이상일,"아오이 유우, 마츠유키 야스코, 토요카와 에츠시",2007-03-01,2026-07-01
63214,53,정동원 팬콘서트 필름 : 다시 만나는 길,전체 관람가,93분,"16,761명",공연 실황,한국,나상인,정동원,2026-06-26,
16998,54,위커 맨,,102분,142명,"범죄, 미스터리, 공포",영국,로빈 하디,"크리스토퍼 리, 에드워드 우드워드, 다이안 실렌토",,
58939,55,드로스테 저편의 우리들,12세이상관람가,70분,142명,"코미디, SF",일본,야마구치 준타,"토사 카즈나리, 아사쿠라 아키, 후지타니 리코",2026-08-19,
62143,56,해피엔드,15세이상관람가,113분,"149,929명",드라마,일본,네오 소라,"쿠리하라 하야토, 히다카 유키토, 하야시 유타",2025-04-30,2026-06-24
42252,57,비긴 어게인,15세이상관람가,104분,"3,689,760명",멜로·로맨스,미국,존 카니,"키이라 나이틀리, 마크 러팔로, 애덤 리바인",2024-09-18,2026-06-17
20,58,브레이킹 더 웨이브,청소년 관람불가,159분,"41,744명","멜로·로맨스, 드라마","프랑스,아이슬랜드,스웨덴,덴마크,노르웨이,네덜란드",라스 폰 트리에,"에밀리 왓슨, 스텔란 스카스가드, 캐트린 카틀리지",1996-12-07,
63262,59,호컴,15세이상관람가,107분,"10,016명",호러,미국,다미안 맥카시,"아담 스콧, 피터 쿠넌, 데이빗 윌못",2026-07-22,
10161,60,콰이강의 다리,12세이상관람가,161분,"183,530명",,"영국,미국",데이비드 린,"윌리엄 홀덴, 잭 호킨스, 알렉 기네스",,
63227,61,"희망의 발견, 알래스카에서",전체 관람가,98분,"1,617명",다큐멘터리,한국,정형민,,2026-07-04,
62951,62,군체,15세이상관람가,122분,"5,951,235명","액션, 스릴러",한국,연상호,"전지현, 구교환, 지창욱",2026-05-21,
5567,64,도그빌,청소년 관람불가,178분,"77,461명","스릴러, 드라마","네덜란드,노르웨이,덴마크",라스 폰 트리에,"니콜 키드먼, 해리엇 안데르손, 로렌 바콜",2003-08-01,2025-10-01
10062,65,태풍 클럽,15세이상관람가,114분,"22,559명",드라마,일본,소마이 신지,"미카미 유이치, 쿠도 유키, 미우라 토모카즈",2024-06-26,2025-08-13
