rnum,rank,rankInten,rankOldAndNew,movieCd,movieNm,openDt,salesAmt,salesShare,salesInten,salesChange,salesAcc,audiCnt,audiInten,audiChange,audiAcc,scrnCnt,showCnt,targetDt
1,1,0,OLD,20250654,오디세이,2026-08-05,2828024070,56.2,-2593103190,-47.8,23326805000,257618,-239936,-48.2,2132431,1647,4991,20260810
2,2,0,OLD,20262770,스파이더맨: 브랜드 뉴 데이,2026-07-29,1773545300,35.2,-3008945170,-62.9,63655044040,174615,-289302,-62.4,6090999,1590,5518,20260810
3,3,0,OLD,20262381,사랑의 하츄핑: 고래보석의 전설,2026-08-05,174337210,3.5,-997676980,-85.1,4276837970,19410,-104155,-84.3,453216,726,1509,20260810
4,4,0,OLD,20233219,호프,2026-07-15,146372870,2.9,-190028150,-56.5,47237464560,14523,-17700,-54.9,4408397,562,949,20260810
5,5,3,OLD,20264148,어떻게 해야 했을까?,2026-07-29,22904150,0.5,-17519050,-43.3,523077650,2317,-1661,-41.8,52045,70,132,20260810
6,6,0,OLD,20261784,미니언즈 & 몬스터즈,2026-07-15,19237500,0.4,-25821180,-57.3,7612107820,2193,-2821,-56.3,765483,208,217,20260810
7,7,3,OLD,20259781,토이 스토리 5,2026-06-17,10804150,0.2,-7973700,-42.5,30219382390,1112,-795,-41.7,2940488,109,112,20260810
8,8,-3,OLD,20262902,다윗,2026-07-10,9168150,0.2,-69105900,-88.3,2816467330,958,-7384,-88.5,290308,65,69,20260810
9,9,3,OLD,20259946,모아나,2026-07-08,7290500,0.1,748300,11.4,10828540930,826,149,22,1021759,67,70,20260810
10,10,5,OLD,20263530,마티 슈프림,2026-07-01,2896500,0.1,-2994350,-50.8,1426494680,290,-107,-27,131844,18,18,20260810
1,1,0,OLD,20250654,오디세이,2026-08-05,5421127260,44.9,-327520430,-5.7,20498780930,497554,-28099,-5.3,1874813,1798,5118,20260809
2,2,0,OLD,20262770,스파이더맨: 브랜드 뉴 데이,2026-07-29,4782490470,39.6,-559468450,-10.5,61881498740,463917,-50210,-9.8,5916384,1763,6052,20260809
3,3,0,OLD,20262381,사랑의 하츄핑: 고래보석의 전설,2026-08-05,1172014190,9.7,-10367950,-0.9,4102500760,123565,-621,-0.5,433806,941,2164,20260809
4,4,0,OLD,20233219,호프,2026-07-15,336401020,2.8,-63508780,-15.9,47091091690,32223,-5623,-14.9,4393874,548,832,20260809
5,5,0,OLD,20262902,다윗,2026-07-10,78274050,0.6,24064160,44.4,2807299180,8342,2495,42.7,289350,145,154,20260809
6,6,0,OLD,20261784,미니언즈 & 몬스터즈,2026-07-15,45058680,0.4,-834520,-1.8,7592870320,5014,-63,-1.2,763290,227,243,20260809
7,7,1,OLD,20264635,명탐정 코난: 하이웨이의 타천사,2026-08-12,57231270,0.5,1479820,2.7,112982720,4473,118,2.7,8828,37,38,20260809
8,8,-1,OLD,20264148,어떻게 해야 했을까?,2026-07-29,40423200,0.3,-6011950,-12.9,500173500,3978,-569,-12.5,49728,79,137,20260809
9,9,1,OLD,20255484,오케이 마담2,2026-08-12,25903900,0.2,7280200,39.1,115943600,2382,855,56,11783,12,14,20260809
10,10,-1,OLD,20259781,토이 스토리 5,2026-06-17,18777850,0.2,-1450790,-7.2,30208578240,1907,-160,-7.7,2939376,99,102,20260809
1,1,0,OLD,20250654,오디세이,2026-08-05,5748647690,44.1,2257761820,64.7,15077653670,525653,215341,69.4,1377259,1745,5187,20260808
2,2,0,OLD,20262770,스파이더맨: 브랜드 뉴 데이,2026-07-29,5341958920,41.0,2346782380,78.4,57099008270,514127,227416,79.3,5452467,1802,6440,20260808
3,3,0,OLD,20262381,사랑의 하츄핑: 고래보석의 전설,2026-08-05,1182382140,9.1,798216690,207.8,2930486570,124186,82474,197.7,310241,958,2216,20260808
4,4,0,OLD,20233219,호프,2026-07-15,399909800,3.1,76640340,23.7,46754690670,37846,7015,22.8,4361651,553,868,20260808
5,5,2,OLD,20262902,다윗,2026-07-10,54209890,0.4,28812940,113.5,2729025130,5847,3176,118.9,281008,125,134,20260808
6,6,-1,OLD,20261784,미니언즈 & 몬스터즈,2026-07-15,45893200,0.4,5803450,14.5,7547811640,5077,552,12.2,758276,227,240,20260808
7,7,-1,OLD,20264148,어떻게 해야 했을까?,2026-07-29,46435150,0.4,10185150,28.1,459750300,4547,1042,29.7,45750,76,140,20260808
8,8,0,NEW,20264635,명탐정 코난: 하이웨이의 타천사,2026-08-12,55751450,0.4,55751450,100,55751450,4355,4355,100,4355,36,37,20260808
9,9,-1,OLD,20259781,토이 스토리 5,2026-06-17,20228640,0.2,-3024250,-13,30189800390,2067,-348,-14.4,2937469,109,112,20260808
10,10,0,NEW,20255484,오케이 마담2,2026-08-12,18623700,0.1,18623700,100,90039700,1527,1527,100,9401,12,16,20260808
1,1,0,OLD,20250654,오디세이,2026-08-05,3490885870,47.2,818712000,30.6,9329005980,310312,64092,26,851606,1633,5013,20260807
2,2,0,OLD,20262770,스파이더맨: 브랜드 뉴 데이,2026-07-29,2995176540,40.5,627306430,26.5,51757049350,286711,48647,20.4,4938340,1751,6084,20260807
3,3,0,OLD,20262381,사랑의 하츄핑: 고래보석의 전설,2026-08-05,384165450,5.2,-2181930,-0.6,1748104430,41712,-2056,-4.7,186055,822,1798,20260807
4,4,0,OLD,20233219,호프,2026-07-15,323269460,4.4,61338910,23.4,46354780870,30831,3631,13.3,4323805,658,1135,20260807
5,5,0,OLD,20261784,미니언즈 & 몬스터즈,2026-07-15,40089750,0.5,1401550,3.6,7501918440,4525,-121,-2.6,753199,260,281,20260807
6,6,1,OLD,20264148,어떻게 해야 했을까?,2026-07-29,36250000,0.5,2766950,8.3,413315150,3505,85,2.5,41203,81,145,20260807
7,7,2,OLD,20262902,다윗,2026-07-10,25396950,0.3,10659450,72.3,2674815240,2671,1064,66.2,275161,75,79,20260807
8,8,0,OLD,20259781,토이 스토리 5,2026-06-17,23252890,0.3,-875310,-3.6,30169571750,2415,-250,-9.4,2935402,141,149,20260807
9,9,1,OLD,20259946,모아나,2026-07-08,15308450,0.2,1500900,10.9,10804570630,1570,34,2.2,1019228,91,97,20260807
10,10,5,OLD,20265254,투모로우바이투게더 브이알 콘서트 : 엔드리스 라이드,2026-07-31,16091000,0.2,4986000,44.9,195756000,454,140,44.6,5528,2,16,20260807
1,1,0,OLD,20250654,오디세이,2026-08-05,2672173870,45.2,-464381370,-14.8,5838120110,246220,-46487,-15.9,541294,1660,4912,20260806
2,2,0,OLD,20262770,스파이더맨: 브랜드 뉴 데이,2026-07-29,2367870110,40.1,-357457620,-13.1,48761872810,238064,-37109,-13.5,4651629,1694,5675,20260806
3,3,0,OLD,20262381,사랑의 하츄핑: 고래보석의 전설,2026-08-05,386347380,6.5,-273238100,-41.4,1363938980,43768,-29397,-40.2,144343,801,1698,20260806
4,4,0,OLD,20233219,호프,2026-07-15,261930550,4.4,-29021620,-10,46031511410,27200,-2868,-9.5,4292974,688,1163,20260806
5,5,0,OLD,20261784,미니언즈 & 몬스터즈,2026-07-15,38688200,0.7,-7229050,-15.7,7461828690,4646,-651,-12.3,748674,284,313,20260806
6,6,0,NEW,20255484,오케이 마담2,2026-08-12,40203000,0.7,40203000,100,71416000,4467,4467,100,7874,25,25,20260806
7,7,-1,OLD,20264148,어떻게 해야 했을까?,2026-07-29,33483050,0.6,-5541720,-14.2,377065150,3420,-712,-17.2,37698,78,143,20260806
8,8,-1,OLD,20259781,토이 스토리 5,2026-06-17,24128200,0.4,-1860550,-7.2,30146318860,2665,-103,-3.7,2932987,148,154,20260806
9,9,0,OLD,20262902,다윗,2026-07-10,14737500,0.2,2016900,15.9,2649418290,1607,217,15.6,272490,77,81,20260806
10,10,-2,OLD,20259946,모아나,2026-07-08,13807550,0.2,-6151710,-30.8,10789262180,1536,-789,-33.9,1017658,106,113,20260806
1,1,8,OLD,20250654,오디세이,2026-08-05,3136555240,44.7,3123874240,24634.3,3165946240,292707,291642,27384.2,295074,1682,5036,20260805
2,2,-1,OLD,20262770,스파이더맨: 브랜드 뉴 데이,2026-07-29,2725327730,38.9,-905909540,-24.9,46394002700,275173,-73114,-21,4413565,1666,5657,20260805
3,3,7,OLD,20262381,사랑의 하츄핑: 고래보석의 전설,2026-08-05,659585480,9.4,648618680,5914.4,977591600,73165,72249,7887.4,100575,824,1751,20260805
4,4,-2,OLD,20233219,호프,2026-07-15,290952170,4.1,-291086970,-50,45769580860,30068,-31166,-50.9,4265774,690,1164,20260805
5,5,-2,OLD,20261784,미니언즈 & 몬스터즈,2026-07-15,45917250,0.7,-64500900,-58.4,7423140490,5297,-7040,-57.1,744028,302,340,20260805
6,6,1,OLD,20264148,어떻게 해야 했을까?,2026-07-29,39024770,0.6,9517920,32.3,343582100,4132,1141,38.1,34278,74,140,20260805
7,7,-3,OLD,20259781,토이 스토리 5,2026-06-17,25988750,0.4,-47386990,-64.6,30122190660,2768,-5122,-64.9,2930322,150,162,20260805
8,8,-3,OLD,20259946,모아나,2026-07-08,19959260,0.3,-43592240,-68.6,10775454630,2325,-4539,-66.1,1016122,119,127,20260805
9,9,-3,OLD,20262902,다윗,2026-07-10,12720600,0.2,-15860600,-55.5,2634680790,1390,-1669,-54.6,270883,70,74,20260805
10,10,0,NEW,20262945,퍼피 구조대: 더 다이노 무비,2026-08-13,6714000,0.1,6714000,100,6714000,746,746,100,746,3,3,20260805
1,1,0,OLD,20262770,스파이더맨: 브랜드 뉴 데이,2026-07-29,3631237270,78.5,-543224880,-13,43668674970,348287,-53493,-13.3,4138392,2214,8852,20260804
2,2,0,OLD,20233219,호프,2026-07-15,582039140,12.6,-36232160,-5.9,45478628690,61234,-2693,-4.2,4235706,919,2690,20260804
3,3,0,OLD,20261784,미니언즈 & 몬스터즈,2026-07-15,110418150,2.4,-2623650,-2.3,7377223240,12337,-117,-0.9,738731,668,1029,20260804
4,4,0,OLD,20259781,토이 스토리 5,2026-06-17,73375740,1.6,2148350,3,30096201910,7890,436,5.8,2927554,385,488,20260804
5,5,0,OLD,20259946,모아나,2026-07-08,63551500,1.4,-1616840,-2.5,10755495370,6864,-122,-1.7,1013797,444,603,20260804
6,6,1,OLD,20262902,다윗,2026-07-10,28581200,0.6,-1028030,-3.5,2621960190,3059,-26,-0.8,269493,178,204,20260804
7,7,-1,OLD,20264148,어떻게 해야 했을까?,2026-07-29,29506850,0.6,-2097810,-6.6,304557330,2991,-156,-5,30146,56,104,20260804
8,8,0,OLD,20242402,눈동자,2026-06-24,13952100,0.3,-1351750,-8.8,15890922450,1369,-120,-8.1,1540233,168,189,20260804
9,9,1,OLD,20250654,오디세이,2026-08-05,12681000,0.3,6579000,107.8,29391000,1065,387,57.1,2367,3,3,20260804
10,10,0,NEW,20262381,사랑의 하츄핑: 고래보석의 전설,2026-08-05,10966800,0.2,10966800,100,318006120,916,916,100,27410,3,6,20260804
1,1,0,OLD,20262770,스파이더맨: 브랜드 뉴 데이,2026-07-29,4174462150,80.5,-4605884450,-52.5,40037437700,401780,-424555,-51.4,3790105,2178,8774,20260803
2,2,0,OLD,20233219,호프,2026-07-15,618271300,11.9,-582116270,-48.5,44896589550,63927,-53970,-45.8,4174472,901,2658,20260803
3,3,0,OLD,20261784,미니언즈 & 몬스터즈,2026-07-15,113041800,2.2,-105371390,-48.2,7266805090,12454,-10576,-45.9,726394,672,1050,20260803
4,4,1,OLD,20259781,토이 스토리 5,2026-06-17,71227390,1.4,-44148190,-38.3,30022826170,7454,-4100,-35.5,2919664,384,487,20260803
5,5,-1,OLD,20259946,모아나,2026-07-08,65168340,1.3,-58931060,-47.5,10691943870,6986,-5777,-45.3,1006933,437,580,20260803
6,6,2,OLD,20264148,어떻게 해야 했을까?,2026-07-29,31604660,0.6,-24973140,-44.1,275050480,3147,-2287,-42.1,27155,59,103,20260803
7,7,0,OLD,20262902,다윗,2026-07-10,29609230,0.6,-65013720,-68.7,2593378990,3085,-6832,-68.9,266434,171,199,20260803
8,8,1,OLD,20242402,눈동자,2026-06-24,15303850,0.3,-9747450,-38.9,15876970350,1489,-852,-36.4,1538864,164,185,20260803
9,9,1,OLD,20264665,드림 애니멀즈: 더무비,2026-07-24,7537100,0.1,-5249400,-41.1,382904050,845,-566,-40.1,42841,112,112,20260803
10,10,0,NEW,20250654,오디세이,2026-08-05,6102000,0.1,6102000,100,16710000,678,678,100,1302,2,2,20260803
1,1,0,OLD,20262770,스파이더맨: 브랜드 뉴 데이,2026-07-29,8780346600,80.9,-916966210,-9.5,35862975550,826335,-75245,-8.3,3388325,2382,9784,20260802
2,2,0,OLD,20233219,호프,2026-07-15,1200387570,11.1,-202913330,-14.5,44278318250,117897,-18520,-13.6,4110545,965,2620,20260802
3,3,0,OLD,20261784,미니언즈 & 몬스터즈,2026-07-15,218413190,2.0,6972680,3.3,7153763290,23030,857,3.9,713940,716,1089,20260802
4,4,0,OLD,20259946,모아나,2026-07-08,124099400,1.1,-34450,0,10626775530,12763,34,0.3,999947,452,580,20260802
5,5,1,OLD,20259781,토이 스토리 5,2026-06-17,115375580,1.1,15245840,15.2,29951598780,11554,1614,16.2,2912210,375,472,20260802
6,6,-1,OLD,20262381,사랑의 하츄핑: 고래보석의 전설,2026-08-05,125351720,1.2,-2633880,-2.1,307039320,10305,-376,-3.5,26494,75,85,20260802
7,7,0,OLD,20262902,다윗,2026-07-10,94622950,0.9,9450060,11.1,2563769760,9917,1122,12.8,263349,243,276,20260802
8,8,0,OLD,20264148,어떻게 해야 했을까?,2026-07-29,56577800,0.5,-7614300,-11.9,243445820,5434,-790,-12.7,24008,63,107,20260802
9,9,0,OLD,20242402,눈동자,2026-06-24,25051300,0.2,-3463900,-12.1,15861666500,2341,-305,-11.5,1537375,151,176,20260802
10,10,0,OLD,20264665,드림 애니멀즈: 더무비,2026-07-24,12786500,0.1,269190,2.2,375366950,1411,46,3.4,41996,126,130,20260802
1,1,0,OLD,20262770,스파이더맨: 브랜드 뉴 데이,2026-07-29,9697312810,80.9,3900487860,67.3,27082628950,901580,375250,71.3,2561990,2409,10152,20260801
2,2,0,OLD,20233219,호프,2026-07-15,1403300900,11.7,567632100,67.9,43077930680,136417,54921,67.4,3992648,957,2724,20260801
3,3,0,OLD,20261784,미니언즈 & 몬스터즈,2026-07-15,211440510,1.8,21218580,11.2,6935350100,22173,2131,10.6,690910,715,1091,20260801
4,4,0,OLD,20259946,모아나,2026-07-08,124133850,1.0,11528250,10.2,10502676130,12729,1099,9.4,987184,465,626,20260801
5,5,0,NEW,20262381,사랑의 하츄핑: 고래보석의 전설,2026-08-05,127985600,1.1,127985600,100,181687600,10681,10681,100,16189,76,91,20260801
6,6,-1,OLD,20259781,토이 스토리 5,2026-06-17,100129740,0.8,-1910980,-1.9,29836223200,9940,-440,-4.2,2900656,367,455,20260801
7,7,-1,OLD,20262902,다윗,2026-07-10,85172890,0.7,25748890,43.3,2469146810,8795,2523,40.2,253432,253,285,20260801
8,8,-1,OLD,20264148,어떻게 해야 했을까?,2026-07-29,64192100,0.5,18523400,40.6,186868020,6224,1873,43,18574,67,110,20260801
9,9,-1,OLD,20242402,눈동자,2026-06-24,28515200,0.2,3039850,11.9,15836615200,2646,271,11.4,1535034,160,187,20260801
10,10,-1,OLD,20264665,드림 애니멀즈: 더무비,2026-07-24,12517310,0.1,-5375960,-30,362580450,1365,-578,-29.7,40585,130,134,20260801
1,1,0,OLD,20262770,스파이더맨: 브랜드 뉴 데이,2026-07-29,5796824950,79.4,1141922400,24.5,17385316140,526330,84486,19.1,1660410,2275,9373,20260731
2,2,0,OLD,20233219,호프,2026-07-15,835668800,11.4,171061180,25.7,41674629780,81496,13873,20.5,3856231,1005,2980,20260731
3,3,0,OLD,20261784,미니언즈 & 몬스터즈,2026-07-15,190221930,2.6,2406670,1.3,6723909590,20042,-568,-2.8,668737,726,1110,20260731
4,4,0,OLD,20259946,모아나,2026-07-08,112605600,1.5,1662250,1.5,10378542280,11630,-252,-2.1,974455,480,705,20260731
5,5,0,OLD,20259781,토이 스토리 5,2026-06-17,102040720,1.4,7724900,8.2,29736093460,10380,413,4.1,2890716,395,472,20260731
6,6,1,OLD,20262902,다윗,2026-07-10,59424000,0.8,23293200,64.5,2383973920,6272,2436,63.5,244637,186,207,20260731
7,7,-1,OLD,20264148,어떻게 해야 했을까?,2026-07-29,45668700,0.6,6420780,16.4,122675920,4351,438,11.2,12350,61,94,20260731
8,8,1,OLD,20242402,눈동자,2026-06-24,25475350,0.3,-1282250,-4.8,15808100000,2375,-305,-11.4,1532388,200,246,20260731
9,9,-1,OLD,20264665,드림 애니멀즈: 더무비,2026-07-24,17893270,0.2,-11534950,-39.2,350063140,1943,-1501,-43.6,39220,173,178,20260731
10,10,0,NEW,20265254,투모로우바이투게더 브이알 콘서트 : 엔드리스 라이드,2026-07-31,52001000,0.7,52001000,100,52001000,1469,1469,100,1469,2,14,20260731
1,1,0,OLD,20262770,스파이더맨: 브랜드 뉴 데이,2026-07-29,4654902550,78.8,-2261100090,-32.7,11588491190,441844,-249138,-36.1,1134080,2222,8848,20260730
2,2,0,OLD,20233219,호프,2026-07-15,664607620,11.2,-167354530,-20.1,40838960980,67623,-20269,-23.1,3774735,1026,2954,20260730
3,3,0,OLD,20261784,미니언즈 & 몬스터즈,2026-07-15,187815260,3.2,-4529040,-2.4,6533687660,20610,-1045,-4.8,648695,690,1067,20260730
4,4,0,OLD,20259946,모아나,2026-07-08,110943350,1.9,9949830,9.9,10265936680,11882,780,7,962825,486,707,20260730
5,5,0,OLD,20259781,토이 스토리 5,2026-06-17,94315820,1.6,9671600,11.4,29634052740,9967,736,8,2880336,358,435,20260730
6,6,0,OLD,20264148,어떻게 해야 했을까?,2026-07-29,39247920,0.7,4232620,12.1,77007220,3913,219,5.9,7999,52,80,20260730
7,7,0,OLD,20262902,다윗,2026-07-10,36130800,0.6,2267260,6.7,2324549920,3836,167,4.6,238365,150,166,20260730
8,8,0,OLD,20264665,드림 애니멀즈: 더무비,2026-07-24,29428220,0.5,7070820,31.6,332169870,3444,922,36.6,37277,238,250,20260730
9,9,0,OLD,20242402,눈동자,2026-06-24,26757600,0.5,2587340,10.7,15782624650,2680,192,7.7,1530013,220,261,20260730
10,10,1,OLD,20257100,산양들,2026-07-29,9096050,0.2,1267050,16.2,24172050,1118,230,25.9,2827,39,51,20260730
1,1,7,OLD,20262770,스파이더맨: 브랜드 뉴 데이,2026-07-29,6916002640,83.2,6898416640,39226.8,6933588640,690982,689728,55002.2,692236,2304,9082,20260729
2,2,-1,OLD,20233219,호프,2026-07-15,831962150,10.0,-191965480,-18.7,40174353360,87892,-12255,-12.2,3707112,1023,2901,20260729
3,3,-1,OLD,20261784,미니언즈 & 몬스터즈,2026-07-15,192344300,2.3,-12113220,-5.9,6345872400,21655,-412,-1.9,628085,692,1065,20260729
4,4,-1,OLD,20259946,모아나,2026-07-08,100993520,1.2,-47376620,-31.9,10154993330,11102,-4455,-28.6,950943,471,656,20260729
5,5,-1,OLD,20259781,토이 스토리 5,2026-06-17,84644220,1.0,-34841620,-29.2,29539736920,9231,-3267,-26.1,2870369,320,385,20260729
6,6,0,NEW,20264148,어떻게 해야 했을까?,2026-07-29,35015300,0.4,35015300,100,37759300,3694,3694,100,4086,61,77,20260729
7,7,-1,OLD,20262902,다윗,2026-07-10,33863540,0.4,-15838010,-31.9,2288419120,3669,-1803,-32.9,234529,139,157,20260729
8,8,-1,OLD,20264665,드림 애니멀즈: 더무비,2026-07-24,22357400,0.3,-5706410,-20.3,302741650,2522,-644,-20.3,33833,224,231,20260729
9,9,-4,OLD,20242402,눈동자,2026-06-24,24170260,0.3,-43364990,-64.2,15755867050,2488,-4045,-61.9,1527333,199,232,20260729
10,10,5,OLD,20242837,왕과 사는 남자,2026-02-04,6874000,0.1,3505000,104,163215573840,1004,503,100.4,16916280,12,12,20260729
1,1,0,OLD,20233219,호프,2026-07-15,1023927630,58.5,-33631850,-3.2,39342391210,100147,-3256,-3.1,3619220,2108,7258,20260728
2,2,0,OLD,20261784,미니언즈 & 몬스터즈,2026-07-15,204457520,11.7,1676620,0.8,6153528100,22067,666,3.1,606430,806,1886,20260728
3,3,0,OLD,20259946,모아나,2026-07-08,148370140,8.5,2520850,1.7,10053999810,15557,508,3.4,939841,724,1441,20260728
4,4,0,OLD,20259781,토이 스토리 5,2026-06-17,119485840,6.8,7230740,6.4,29455092700,12498,977,8.5,2861138,536,884,20260728
5,5,0,OLD,20242402,눈동자,2026-06-24,67535250,3.9,-1162750,-1.7,15731696790,6533,-165,-2.5,1524845,525,881,20260728
6,6,0,OLD,20262902,다윗,2026-07-10,49701550,2.8,2560700,5.4,2254555580,5472,435,8.6,230860,315,388,20260728
7,7,0,OLD,20264665,드림 애니멀즈: 더무비,2026-07-24,28063810,1.6,-5460320,-16.3,280384250,3166,-575,-15.4,31311,323,414,20260728
8,8,0,NEW,20262770,스파이더맨: 브랜드 뉴 데이,2026-07-29,17586000,1.0,17586000,100,17586000,1254,1254,100,1254,3,5,20260728
9,9,0,OLD,20252402,군체,2026-05-21,9713100,0.6,1411500,17,62709465840,967,155,19.1,5951743,128,149,20260728
10,10,2,OLD,20262381,사랑의 하츄핑: 고래보석의 전설,2026-08-05,8649000,0.5,4149000,92.2,48689000,961,461,92.2,4951,5,5,20260728
